Title,Price,Date
"Data Encoder I Love Statistics Data Science Data Analysts T-Shirt, Long Sleeve Shirt, Sweatshirt, Hoodie",27.99,2023-11-23
"Data Encoder I Love Statistics Data Science Data Analysts T-Shirt, Long Sleeve Shirt, Sweatshirt, Hoodie",27.99,2023-11-23
"Data Encoder I Love Statistics Data Science Data Analysts T-Shirt, Long Sleeve Shirt, Sweatshirt, Hoodie",27.99,2023-11-23
"Data Encoder I Love Statistics Data Science Data Analysts T-Shirt, Long Sleeve Shirt, Sweatshirt, Hoodie",27.99,2023-11-23
"Data Encoder I Love Statistics Data Science Data Analysts T-Shirt, Long Sleeve Shirt, Sweatshirt, Hoodie",27.99,2023-11-23
"Data Encoder I Love Statistics Data Science Data Analysts T-Shirt, Long Sleeve Shirt, Sweatshirt, Hoodie",27.99,2023-11-23
"Data Encoder I Love Statistics Data Science Data Analysts T-Shirt, Long Sleeve Shirt, Sweatshirt, Hoodie",27.99,2023-11-23
"Data Encoder I Love Statistics Data Science Data Analysts T-Shirt, Long Sleeve Shirt, Sweatshirt, Hoodie",27.99,2023-11-23
"Data Encoder I Love Statistics Data Science Data Analysts T-Shirt, Long Sleeve Shirt, Sweatshirt, Hoodie",27.99,2023-11-23
"Data Encoder I Love Statistics Data Science Data Analysts T-Shirt, Long Sleeve Shirt, Sweatshirt, Hoodie",27.99,2023-11-23
"Data Encoder I Love Statistics Data Science Data Analysts T-Shirt, Long Sleeve Shirt, Sweatshirt, Hoodie",27.99,2023-11-23
"Data Encoder I Love Statistics Data Science Data Analysts T-Shirt, Long Sleeve Shirt, Sweatshirt, Hoodie",27.99,2023-11-23
"Data Encoder I Love Statistics Data Science Data Analysts T-Shirt, Long Sleeve Shirt, Sweatshirt, Hoodie",27.99,2023-11-23
"Data Encoder I Love Statistics Data Science Data Analysts T-Shirt, Long Sleeve Shirt, Sweatshirt, Hoodie",27.99,2023-11-23
"Data Encoder I Love Statistics Data Science Data Analysts T-Shirt, Long Sleeve Shirt, Sweatshirt, Hoodie",27.99,2023-11-23
"Data Encoder I Love Statistics Data Science Data Analysts T-Shirt, Long Sleeve Shirt, Sweatshirt, Hoodie",27.99,2023-11-23
"Data Encoder I Love Statistics Data Science Data Analysts T-Shirt, Long Sleeve Shirt, Sweatshirt, Hoodie",27.99,2023-11-23
"Data Encoder I Love Statistics Data Science Data Analysts T-Shirt, Long Sleeve Shirt, Sweatshirt, Hoodie",27.99,2023-11-23
"Data Encoder I Love Statistics Data Science Data Analysts T-Shirt, Long Sleeve Shirt, Sweatshirt, Hoodie",27.99,2023-11-23
"Data Encoder I Love Statistics Data Science Data Analysts T-Shirt, Long Sleeve Shirt, Sweatshirt, Hoodie",27.99,2023-11-23
"Data Encoder I Love Statistics Data Science Data Analysts T-Shirt, Long Sleeve Shirt, Sweatshirt, Hoodie",27.99,2023-11-23
